processes,total_mb,time_sec,throughput_mbs,speedup,ideal_speedup,efficiency,normalized
1,100.0,1.6012333333333333,62.47,1.0,1,100.0,49.55183628143095
2,200.0,1.5866666666666667,126.07000000000001,2.0180886825676327,2,100.90443412838164,100.0
4,400.0,3.5261,114.41333333333334,1.831492449709194,4,45.78731124272985,90.75381401866687
6,600.0,5.7251666666666665,107.75,1.7248279174003522,6,28.74713195667254,85.46839057666375
8,800.0,9.1936,89.63,1.4347686889707059,8,17.93460861213382,71.09542317759974
