processes,total_mb,time_sec,throughput_mbs,speedup,ideal_speedup,efficiency,normalized
1,50.0,0.8031666666666667,62.28333333333333,1.0,1,100.0,39.42149457783029
2,100.0,0.8178666666666666,122.56333333333333,1.967835161894568,2,98.3917580947284,77.57500316469049
4,200.0,1.5760666666666667,126.92333333333333,2.037837837837838,4,50.94594594594595,80.33461327482172
6,300.0,1.949633333333333,157.99333333333334,2.536687182231737,6,42.27811970386228,100.0
8,400.0,3.407033333333333,124.17333333333333,1.9936847738827936,8,24.92105967353492,78.59403350352335
